<?xml version="1.0" encoding="UTF-8" standalone="yes"?>
<addon id="plugin.video.kodiconnect"
       name="Kodi Connect"
       version="0.2.4"
       provider-name="Tomas Kislan">
  <requires>
    <import addon="xbmc.python" version="3.0.0"/>
  </requires>
  <!-- <extension point="xbmc.python.script" library="default.py" /> -->
  <extension point="xbmc.python.pluginsource" library="plugin.py">
    <provides>video</provides>
  </extension>
  <extension point="xbmc.service" library="service.py" start="startup"/>
  <extension point="xbmc.addon.metadata">
    <platform>all</platform>
    <summary lang="en">Reverse proxy tunnel to the cloud</summary>
    <description lang="en">Creates a connection with the cloud server, so that it can be controlled from anywhere</description>
    <license>GPL 2.0</license>
    <forum>https://forum.kodi.tv/showthread.php?tid=327562</forum>
    <website></website>
    <source>https://github.com/kodi-connect/kodi-connect-addon</source>
    <email>kislan.tomas@gmail.com</email>
  </extension>
</addon>
